,Algorithm,MAE,MSE,MASE,Forecast Bias,Time Elapsed
0,Linear Regression,68.40661536613972,9091.24295308898,0.3229015526598744,0.7118269198187683,0.21604204177856445
1,Lasso Regression,343.75381957801505,162029.48777870953,1.6226302307224822,-4.000602754539534,0.2503929138183594
2,Ridge Regression,48795126.44792061,2405546966054313.0,230328.92371499303,2770326.1872740537,0.17088007926940918
3,Decision Tree,108.38992019581725,21299.22910477596,0.5116358021308186,0.5625279457885968,0.33685898780822754
4,Random Forest,101.14589911257177,18118.320624556032,0.4774416581469216,0.25518061201247677,1.9883193969726562
5,XGB Random Forest,98.88731349875711,18322.650954675013,0.4667803968403579,0.6573075334875552,0.6336941719055176
6,LightGBM,87.09650947258508,14969.902409689681,0.411123953281775,1.2990520150736202,0.6516568660736084
