,Algorithm,MAE,MSE,MASE,Forecast Bias,Time Elapsed
0,Linear Regression,68.6349406561305,9167.844875345774,0.32397932255471457,0.7691298111705521,0.2729361057281494
1,Lasso Regression,115.77108698798135,20261.336562589215,0.5464773186255963,-1.4793444551534287,0.2699708938598633
2,Ridge Regression,,,,,0.4244229793548584
3,Decision Tree,118.34140187864601,22147.834464941905,0.5586100438682963,-4.4090334307156605,0.4138975143432617
4,Random Forest,115.58388461046412,20174.317988006016,0.5455936623002777,-3.6607613315439957,1.9247336387634277
5,XGB Random Forest,116.62652443842231,20844.006454842995,0.5505152626091182,-3.645769652600738,0.5711569786071777
6,LightGBM,108.39121021638212,18140.66916269073,0.5116418914489512,-3.9690489330067322,0.7347159385681152
