,Algorithm,MAE,MSE,MASE,Forecast Bias,Time Elapsed
0,Linear Regression,89.81250949395597,13705.790716732714,0.40219259784180267,-1.8778516067797841,0.4992649555206299
1,Random Forest,132.0707626966209,26942.335344732404,0.5914307867266178,-6.417319031676214,2.170316219329834
2,LightGBM,110.98925802746362,21057.050960749842,0.49702494975495354,-5.007117819001165,0.7739808559417725
