,Algorithm,MAE,MSE,MASE,Forecast Bias,Time Elapsed
0,Linear Regression,90.75875398330892,13876.852317723531,0.4064300089943323,-1.8917591726798473,0.49295473098754883
1,XGB Random Forest,95.14604499955611,15970.541588626611,0.4260768931673127,-0.7404263051909508,0.6044251918792725
2,LightGBM,91.05354030460025,15107.026505840338,0.40775010211984913,-1.097457945205596,0.8949322700500488
